{
  "player_1": {
    "position": [
      327.7938537597656,
      196.8169403076172
    ],
    "court_zone": "back_right",
    "timestamp": 1756257798.1822727
  },
  "player_2": {
    "position": [
      301.93988037109375,
      201.86837768554688
    ],
    "court_zone": "back_left",
    "timestamp": 1756257798.1822815
  }
}